﻿<?xml version="1.0" encoding="utf-8" ?>
<FieldTypes>
  <FieldType>
    <Field Name="TypeName">$rootname$</Field>
    <Field Name="ParentType">Text</Field>
    <Field Name="TypeDisplayName">$rootname$</Field>
    <Field Name="TypeShortDescription">Description for $rootname$</Field>
    <Field Name="UserCreatable">TRUE</Field>
    <Field Name="Sortable">TRUE</Field>
    <Field Name="AllowBaseTypeRendering">TRUE</Field>
    <Field Name="Filterable">TRUE</Field>
    <Field Name="FieldTypeClass">$DefaultNamespace$.$rootname$, $AssemblyName$, Version=$AssemblyVersion$, Culture=neutral, PublicKeyToken=$PublicKeyToken$</Field>
    <Field Name="FieldEditorUserControl">/_controltemplates/$rootname$FieldEditor.ascx</Field>
    <PropertySchema>
      <Fields>
        <Field Hidden="$HideCustomProperty$" Name="MyCustomProperty"
        DisplayName="My Custom Property"
        Type="Text">
        </Field>
      </Fields>
      <Fields></Fields>
    </PropertySchema>
    <RenderPattern Name="DisplayPattern">
      <HTML><![CDATA[TODO: define render pattern here]]></HTML>      
    </RenderPattern>
  </FieldType>
</FieldTypes>

