﻿<?xml version="1.0" encoding="utf-8" ?>
<Elements xmlns="http://schemas.microsoft.com/sharepoint/">
  <Receivers ListTemplateId="100">
    <Receiver>
      <Name>AddingEventHandler</Name>
      <Type>ItemAdding</Type>
      <SequenceNumber>10000</SequenceNumber>
      <Assembly>$AssemblyName$, Version=$AssemblyVersion$, Culture=neutral, PublicKeyToken=$PublicKeyToken$</Assembly>
      <Class>$DefaultNamespace$.$rootname$</Class>
      <Data></Data>
      <Filter></Filter>
    </Receiver>
  </Receivers>
</Elements>