﻿<?xml version="1.0" encoding="utf-8"?>
<Feature  Id="$featureid$"
          Title="$featuretitle$"
          Description="$featuredesc$"
          Version="1.0.0.0"
          Hidden="FALSE" 
          Scope="$featurescope$"
          ReceiverAssembly="Microsoft.Office.Workflow.Feature, Version=12.0.0.0, Culture=neutral, PublicKeyToken=71e9bce111e9429c"
          ReceiverClass="Microsoft.Office.Workflow.Feature.WorkflowFeatureReceiver"
          xmlns="http://schemas.microsoft.com/sharepoint/">
  <ElementManifests>
    <ElementManifest Location="elements.xml" />
<!--    <ElementFile Location="MyForm.xsn"/> -->
  </ElementManifests>
  <Properties>
    <Property Key="GloballyAvailable" Value="true" />

    <!-- Value for RegisterForms key indicates the path to the forms relative to feature file location -->
    <!-- if you don't have forms, use *.xsn -->
    <Property Key="RegisterForms" Value="*.xsn" />
  </Properties>
</Feature>

